,City,Cloudiness,Country,Date,Humidity,Lat,Lng,Max Temp,Wind Speed
0,chapais,90,CA,1569459446,87,49.78,-74.86,50.0,13.87
1,nelson bay,32,CA,1569459446,36,49.49,-117.29,57.19,3.42
2,hermanus,0,ZA,1569459446,68,-34.42,19.24,66.99,10.0
3,tsuyama,0,JP,1569459447,64,35.14,134.03,71.6,5.82
4,taywarah,0,AF,1569459447,22,33.35,64.42,53.82,6.38
5,derzhavinsk,0,KZ,1569459448,62,51.1,66.31,38.42,3.62
6,vaini,75,IN,1569459448,94,15.34,74.49,71.6,6.93
7,esperance,98,AU,1569459449,77,-33.86,121.89,60.8,8.19
8,beringovskiy,100,RU,1569459449,77,63.05,179.32,39.89,15.86
9,bara,64,NG,1569459259,90,10.41,10.6,75.55,7.87
10,port elizabeth,85,CD,1569459450,55,-7.04,29.76,67.49,3.29
11,bandarbeyla,0,SO,1569459451,73,9.49,50.81,74.02,13.69
12,ushuaia,75,AR,1569459452,69,-54.81,-68.31,39.2,11.41
13,barstow,1,US,1569459452,31,31.46,-103.39,93.2,6.93
14,tilichiki,100,RU,1569459452,83,60.47,166.1,47.74,7.81
15,barrow,42,AR,1569459453,68,-38.31,-60.23,57.48,7.76
16,avarua,75,CK,1569459373,74,-21.21,-159.78,78.8,12.75
17,yatou,75,CM,1569459454,100,3.63,9.81,77.0,3.36
18,georgetown,40,GY,1569459359,79,6.8,-58.16,84.2,6.93
19,shihezi,5,CN,1569459455,42,44.3,86.03,68.73,6.91
20,east london,99,UG,1569459455,95,3.43,31.7,67.38,1.21
21,punta arenas,20,PH,1569459455,70,14.18,121.12,88.0,2.24
22,adelanto,1,US,1569459456,45,34.58,-117.41,93.2,11.41
23,tezu,7,IN,1569459456,81,27.93,96.16,67.45,1.97
24,champerico,90,MX,1569459456,74,16.38,-93.6,82.4,3.29
25,busselton,81,AU,1569459457,93,-33.64,115.35,59.0,3.0
26,bud,0,NO,1569459457,93,62.91,6.91,48.2,8.05
27,saldanha,84,PT,1569459196,74,41.42,-6.55,57.73,3.31
28,fortuna,0,ES,1569459458,88,38.18,-1.13,72.0,3.36
29,triunfo,0,BR,1569459459,88,-29.94,-51.72,64.4,8.05
30,pimenta bueno,72,BR,1569459459,88,-20.48,-45.8,64.28,2.1
31,yellowknife,40,CA,1569459460,80,62.45,-114.38,41.0,8.05
32,gejiu,100,CN,1569459460,98,23.36,103.16,52.62,3.51
33,hobart,20,AU,1569459199,47,-42.88,147.33,59.0,16.11
34,butaritari,15,KI,1569459461,76,3.07,172.79,83.69,18.39
35,ponta do sol,96,BR,1569459462,80,-0.53,-65.05,77.3,2.1
36,beloha,66,MG,1569459462,75,-25.17,45.06,64.55,16.37
37,cidreira,0,BR,1569459463,93,-30.17,-50.22,62.07,6.96
38,codrington,90,AU,1569459464,57,-28.95,153.24,75.2,9.17
39,mataura,100,NZ,1569459463,91,-46.19,168.86,48.99,18.01
40,saint-philippe,1,CA,1569459465,87,45.36,-73.48,64.0,5.82
41,thompson,20,CA,1569459466,36,55.74,-97.86,48.2,12.75
42,touros,20,BR,1569459186,78,-5.2,-35.46,75.2,5.82
43,clyde river,99,NZ,1569459466,53,-45.19,169.32,48.99,5.01
44,tiksi,84,RU,1569459467,81,71.64,128.87,35.95,8.55
45,tuatapere,100,NZ,1569459467,91,-46.13,167.69,48.99,18.01
46,bathsheba,40,BB,1569459467,78,13.22,-59.52,82.4,8.05
47,bredasdorp,0,ZA,1569459468,93,-34.53,20.04,57.99,6.93
48,west bay,5,US,1569459420,43,31.8,-97.09,91.4,8.52
49,hilo,20,US,1569459468,55,19.71,-155.08,87.8,8.05
50,mahebourg,40,MU,1569459469,94,-20.41,57.7,69.01,5.82
51,kudahuvadhoo,100,MV,1569459469,65,2.67,72.89,82.61,4.74
52,qaanaaq,93,GL,1569459470,76,77.48,-69.36,18.22,10.71
53,sao jose da coroa grande,100,IN,1569459470,95,20.51,76.21,72.06,11.48
54,nikolskoye,75,RU,1569459470,95,59.7,30.79,35.01,4.47
55,nanortalik,0,GL,1569459471,83,60.14,-45.24,41.55,1.12
56,longyearbyen,75,NO,1569459471,93,78.22,15.63,35.6,9.17
57,lompoc,1,US,1569459344,35,34.64,-120.46,86.0,8.05
58,sabinas hidalgo,72,MX,1569459472,54,27.85,-101.13,85.76,4.68
59,lebu,79,ET,1569459472,84,8.96,38.73,56.2,4.14
60,torbay,90,CA,1569459473,93,47.66,-52.73,52.0,14.99
61,tautira,40,PF,1569459474,66,-17.73,-149.15,84.2,11.41
62,atuona,41,PF,1569459474,76,-9.8,-139.03,79.73,18.54
63,grindavik,75,IS,1569459475,87,63.84,-22.43,55.4,11.41
64,poum,33,MK,1569459475,84,41.28,20.71,49.69,0.69
65,high rock,1,US,1569459476,62,33.61,-95.75,89.01,5.82
66,kloulklubed,75,PW,1569459476,74,7.04,134.26,84.2,11.41
67,akhtanizovskaya,90,RU,1569459476,100,45.32,37.1,51.8,6.71
68,puerto ayora,0,AR,1569459477,48,-51.62,-69.23,44.6,20.8
69,aksaray,40,TR,1569459477,82,38.37,34.03,59.0,8.05
70,lamu,0,CN,1569459477,76,35.77,102.37,44.46,1.7
71,ceres,94,BR,1569459478,34,-15.31,-49.6,81.24,2.98
72,charlton,1,US,1569459246,72,42.14,-71.97,61.0,4.7
73,sao filipe,100,IN,1569459479,95,20.51,76.21,72.06,11.48
74,hovd,0,NO,1569459479,93,63.83,10.7,54.0,6.93
75,albany,40,US,1569459480,93,42.65,-73.75,64.99,4.7
76,kulhudhuffushi,100,MV,1569459480,81,6.62,73.07,80.72,15.14
77,marshall,1,US,1569459347,74,32.54,-94.37,90.0,5.01
78,trairi,26,BR,1569459482,84,-3.28,-39.27,73.26,6.55
79,broome,67,GB,1569459482,100,52.47,1.45,61.0,8.05
80,dikson,97,RU,1569459483,93,73.51,80.55,35.43,10.87
81,hodasz,99,HU,1569459483,93,47.92,22.2,59.0,3.36
82,zhezkazgan,100,KZ,1569459484,63,47.8,67.71,46.46,11.03
83,ostrovnoy,96,RU,1569459484,82,68.05,39.51,35.1,13.02
84,siocon,33,PH,1569459484,76,11.03,124.04,82.7,4.94
85,kavieng,99,PG,1569459485,75,-2.57,150.8,82.97,9.24
86,vanino,51,RU,1569459485,83,53.93,40.55,30.99,5.3
87,pevek,38,RU,1569459486,72,69.7,170.27,34.04,7.65
88,biak,24,ID,1569459486,77,-0.91,122.88,69.25,4.41
89,bonthe,100,SL,1569459487,89,7.53,-12.5,77.68,6.82
90,northam,75,AU,1569459487,72,-31.65,116.67,62.6,5.82
91,jamestown,0,AU,1569459266,33,-33.21,138.6,67.16,8.12
92,jining,7,CN,1569459488,66,35.41,116.58,68.84,6.98
93,karpathos,0,GR,1569459488,83,35.51,27.21,69.8,13.87
94,honningsvag,100,NO,1569459489,94,70.98,25.97,45.11,14.97
95,kapaa,90,US,1569459490,83,22.08,-159.32,84.2,12.75
96,glyadyanskoye,0,RU,1569459490,84,54.91,65.09,31.7,7.16
97,chokurdakh,47,RU,1569459491,71,70.62,147.9,28.95,8.28
98,tyukhtet,100,RU,1569459491,78,56.54,89.31,36.96,6.42
99,ribeira grande,75,PT,1569459492,100,41.76,-8.56,64.0,4.7
100,saint-augustin,75,CA,1569459492,82,45.63,-73.98,63.0,4.7
101,castro,0,CL,1569459492,100,-42.48,-73.76,50.0,9.17
102,rikitea,0,PF,1569459493,63,-23.12,-134.97,72.11,4.59
103,saskylakh,66,RU,1569459494,92,71.97,114.09,34.87,6.33
104,sitka,78,US,1569459482,72,37.17,-99.65,79.0,10.0
105,hualmay,86,PE,1569459494,93,-11.1,-77.61,61.64,12.66
106,banikoara,70,BJ,1569459495,86,11.3,2.44,76.81,4.12
107,saint-francois,90,FR,1569459495,100,46.42,3.91,59.0,3.36
108,mango,100,CF,1569459496,98,4.65,22.36,70.82,1.83
109,lasa,20,CY,1569459496,78,34.92,32.53,75.2,5.82
110,klaksvik,100,FO,1569459496,100,62.23,-6.59,51.8,31.09
111,yumen,0,CN,1569459497,24,40.29,97.04,60.02,5.14
112,morros,40,BR,1569459497,83,-2.87,-44.04,78.8,10.29
113,alugan,29,PH,1569459498,72,12.22,125.48,84.62,1.41
114,guntur,90,IN,1569459498,94,16.29,80.45,78.8,8.39
115,tazovskiy,100,RU,1569459499,95,67.47,78.7,35.1,15.14
116,leningradskiy,89,RU,1569459499,83,69.38,178.42,31.04,5.66
117,lopukhiv,100,UA,1569459500,99,48.37,23.97,51.59,2.95
118,kaitangata,98,NZ,1569459500,71,-46.28,169.85,48.0,23.0
119,siva,20,GR,1569459501,88,35.21,25.04,73.0,5.82
120,kenai,1,US,1569459501,32,60.55,-151.26,53.6,16.11
121,camacha,40,PT,1569459502,68,33.08,-16.33,71.6,9.17
122,sao joao da barra,100,IN,1569459479,95,20.51,76.21,72.06,11.48
123,guerrero negro,0,AR,1569459503,40,-24.19,-65.45,68.0,0.98
124,ketchikan,75,US,1569459503,87,55.34,-131.65,51.8,3.36
125,valparaiso,1,US,1569459503,64,41.47,-87.06,75.2,5.82
126,new norfolk,75,LR,1569459255,94,6.65,-10.59,77.0,7.05
127,kodiak,75,US,1569459504,68,39.95,-94.76,71.6,8.05
128,bluff,65,AU,1569459505,57,-23.58,149.07,73.52,13.04
129,arraial do cabo,75,BR,1569459505,77,-22.84,-46.65,69.01,6.93
130,carnarvon,0,ZA,1569459505,9,-30.97,22.13,53.39,9.95
131,tasiilaq,33,GL,1569459506,86,65.61,-37.64,41.0,5.99
132,cam ranh,0,AR,1569459506,40,-38.98,-67.82,71.6,5.82
133,cape town,55,CL,1569459507,60,-36.41,-71.9,68.0,6.93
134,chuy,33,UY,1569459507,77,-33.69,-53.46,59.04,8.08
135,nome,1,US,1569459508,69,30.04,-94.42,82.0,6.26
136,kalianget,62,ID,1569459508,62,-7.35,109.91,84.2,8.05
137,belmonte,62,PT,1569459509,75,40.36,-7.35,55.0,2.71
138,victoria,75,BN,1569459509,66,5.28,115.24,86.0,4.7
139,cabo san lucas,57,ES,1569459510,87,43.18,-5.8,61.0,3.36
140,san patricio,8,ML,1569459510,53,13.3,-4.9,82.34,8.88
141,san cristobal,8,ML,1569459249,53,13.3,-4.9,82.34,8.88
142,fort saint john,100,IN,1569459511,96,17.96,79.61,74.04,6.85
143,koltubanovskiy,41,RU,1569459511,79,52.94,52.03,35.09,2.21
144,bambous virieux,40,MU,1569459512,94,-20.26,57.41,69.01,5.82
145,winnemucca,0,US,1569459512,24,40.97,-117.74,73.99,8.99
146,port alfred,85,CD,1569459513,55,-7.04,29.76,67.49,3.29
147,sibolga,94,ID,1569459513,84,1.74,98.78,79.66,8.3
148,sunyani,50,GH,1569459514,95,7.34,-2.33,71.79,4.45
149,shu,60,KZ,1569459514,37,43.6,73.76,62.45,3.8
150,kirkwall,100,GB,1569459515,100,58.98,-2.96,55.99,18.34
151,boguchany,71,RU,1569459515,91,58.38,97.46,32.39,1.45
152,norman wells,1,US,1569459293,62,35.22,-97.44,89.01,10.29
153,necochea,72,AR,1569459516,80,-38.55,-58.74,50.0,5.44
154,ancud,0,CL,1569459516,100,-41.87,-73.83,50.0,9.17
155,bajo baudo,12,BT,1569459517,87,27.49,89.9,41.84,3.24
156,sulangan,45,PH,1569459517,74,11.14,123.72,83.22,7.0
157,san javier,8,ML,1569459249,53,13.3,-4.9,82.34,8.88
158,lakes entrance,90,US,1569459518,36,37.5,-83.94,78.8,3.36
159,naze,100,NG,1569459245,97,5.43,7.07,74.0,2.35
160,manacor,20,ES,1569459518,88,39.57,3.21,71.01,3.31
161,salalah,40,OM,1569459519,83,17.01,54.1,80.6,8.05
162,jumla,94,NP,1569459519,90,29.28,82.18,51.12,0.92
163,padang,57,ID,1569459520,86,-0.92,100.36,78.31,8.99
164,maldonado,0,UY,1569459520,77,-34.91,-54.96,60.8,4.7
165,airai,0,TL,1569459521,49,-8.93,125.41,83.63,2.06
166,tuktoyaktuk,75,CA,1569459474,80,69.44,-133.03,41.0,2.24
167,sambava,20,MG,1569459521,92,-14.27,50.17,63.6,3.04
168,vanimo,38,PG,1569459522,73,-2.67,141.3,83.04,8.37
169,horta,40,BR,1569459522,83,-10.93,-37.66,78.8,10.29
170,rio gallegos,40,US,1569459523,63,41.11,-90.4,69.01,4.7
171,markova,90,RU,1569459523,93,52.21,104.21,51.8,11.18
172,marsa matruh,0,FR,1569459523,72,42.82,2.16,68.0,8.05
173,poronaysk,0,RU,1569459524,45,49.22,143.1,51.95,14.34
174,soe,0,EE,1569459524,86,57.91,26.05,37.0,3.27
175,acajutla,75,SV,1569459524,100,13.59,-89.83,75.2,18.07
176,mar del plata,0,CN,1569459525,43,29.86,90.73,29.51,2.68
177,dutse,56,NG,1569459525,58,11.76,9.34,78.94,10.2
178,carman,1,CA,1569459524,62,49.51,-98.0,53.6,5.82
179,plock,75,PL,1569459526,100,52.55,19.71,55.4,1.12
180,upernavik,99,GL,1569459526,66,72.79,-56.15,33.43,9.46
181,dumas,75,IN,1569459527,94,21.09,72.71,78.8,13.11
182,douentza,56,ML,1569459527,29,15.01,-2.95,89.48,6.26
183,half moon bay,75,LR,1569459527,94,6.38,-10.7,77.0,7.05
184,dombarovskiy,0,RU,1569459528,75,50.76,59.54,35.48,2.24
185,myanaung,99,MM,1569459528,91,18.28,95.32,71.7,3.38
186,mitsamiouli,0,KM,1569459529,80,-11.38,43.28,77.6,25.93
187,hay river,68,AU,1569459529,47,-34.51,144.84,61.08,5.53
188,andilamena,10,MG,1569459529,95,-17.01,48.57,56.74,3.38
189,olinda,20,AU,1569459530,62,-37.84,145.39,64.0,5.82
190,peniche,20,PT,1569459530,88,39.36,-9.38,62.6,11.41
191,central point,1,US,1569459531,73,34.73,-82.78,82.4,3.36
192,santo domingo,64,EC,1569459531,86,-0.59,-80.0,69.83,6.51
193,berlevag,100,NO,1569459532,92,70.86,29.09,44.05,0.94
194,kintampo,72,GH,1569459532,93,8.05,-1.73,74.52,3.47
195,along,92,IN,1569459520,98,28.17,94.8,55.3,0.76
196,xichang,22,CN,1569459533,91,27.88,102.25,45.6,2.13
197,tigil,100,RU,1569459247,80,57.8,158.67,45.49,32.32
198,swan river,90,US,1569459534,59,41.47,-93.31,64.4,5.82
199,capaci,0,IT,1569459534,73,38.17,13.24,73.0,5.82
200,lander,1,US,1569459535,38,42.83,-108.73,66.2,6.93
201,port blair,85,CD,1569459513,55,-7.04,29.76,67.49,3.29
202,homer,1,US,1569459535,50,59.64,-151.54,51.8,11.41
203,zaozerne,100,UA,1569459536,97,51.37,23.94,56.02,4.81
204,sept-iles,90,CA,1569459536,100,50.2,-66.38,46.99,2.24
205,gayny,94,RU,1569459537,93,60.3,54.33,33.95,8.32
206,provideniya,20,RU,1569459537,68,64.42,-173.23,42.8,2.24
207,faanui,71,PF,1569459538,78,-16.48,-151.75,79.33,14.76
208,mys shmidta,100,RU,1569459538,91,62.06,48.62,33.66,9.35
209,alta floresta,90,NO,1569459538,87,69.97,23.27,48.99,16.11
210,kruisfontein,0,ZA,1569459539,43,-34.0,24.73,53.1,6.76
211,bay-khaak,47,RU,1569459539,86,51.16,94.47,44.99,1.81
212,huarmey,72,PE,1569459540,93,-10.07,-78.15,61.64,12.84
213,pisco,0,PE,1569459540,88,-13.71,-76.2,62.6,16.11
214,adjumani,99,UG,1569459541,95,3.38,31.79,67.38,1.21
215,mbarara,98,UG,1569459541,89,-0.61,30.65,60.84,5.32
216,kieta,83,PG,1569459542,76,-6.22,155.63,82.19,6.31
217,lavrentiya,0,RU,1569459543,70,65.58,-170.99,35.93,4.52
218,saint-pierre,90,FR,1569459543,100,48.95,4.24,60.01,10.29
219,salvador,75,BR,1569459544,88,-12.98,-38.48,73.4,2.24
220,ahipara,79,NZ,1569459544,89,-35.17,173.16,59.0,28.66
221,zinder,45,NE,1569459545,16,13.81,8.99,90.6,5.44
222,hithadhoo,100,MV,1569459545,73,-0.6,73.08,82.86,10.16
223,gernsheim,40,DE,1569459545,93,49.75,8.49,57.99,5.82
224,tokmak,93,UA,1569459546,36,47.26,35.7,46.03,5.79
225,shache,0,CN,1569459546,71,38.42,77.24,66.99,4.23
226,praia da vitoria,75,BR,1569459547,82,-20.25,-43.81,60.8,12.75
227,geraldton,40,CA,1569459547,93,49.72,-86.95,48.2,5.82
228,pangnirtung,85,CA,1569459547,53,66.15,-65.72,36.02,4.74
229,husavik,98,CA,1569459548,66,50.56,-96.99,52.0,11.81
230,jiancheng,40,CN,1569459548,82,30.39,104.55,72.0,2.24
231,severo-kurilsk,99,RU,1569459549,82,50.68,156.12,49.13,38.41
232,novo aripuana,20,CU,1569459549,74,22.78,-82.23,78.8,5.82
233,nabire,74,ID,1569459550,94,-3.36,135.5,74.74,1.68
234,antofagasta,90,CL,1569459551,76,-23.65,-70.4,57.2,14.99
235,sorong,68,ID,1569459551,84,-0.86,131.25,80.3,6.22
236,pauini,39,BR,1569459552,66,-7.71,-67.0,80.57,3.58
237,maine-soroa,98,NE,1569459552,27,13.21,12.02,92.13,4.5
238,westport,1,US,1569459268,68,41.14,-73.36,70.0,6.93
239,fare,89,PF,1569459468,81,-16.7,-151.02,78.38,14.07
240,reconquista,0,AR,1569459496,49,-29.14,-59.64,64.66,5.14
241,constitucion,90,MX,1569459554,59,23.99,-104.67,64.4,8.05
242,oranjemund,0,ZA,1569459554,36,-28.55,16.43,71.18,13.65
243,auki,26,NG,1569459555,74,12.18,6.51,76.67,8.25
244,iqaluit,75,CA,1569459555,75,63.75,-68.52,41.0,19.46
245,canberra,75,AU,1569459531,58,-35.3,149.1,60.01,6.93
246,buala,20,SB,1569459556,71,-8.15,159.59,83.63,8.59
247,jutai,100,BR,1569459556,96,-1.71,-47.89,74.67,5.08
248,gat,20,SN,1569459556,88,14.69,-16.54,80.6,5.82
249,yulara,3,AU,1569459489,46,-25.24,130.99,69.8,8.05
250,souillac,75,FR,1569459557,88,45.6,-0.6,64.4,11.41
251,xudat,100,AZ,1569459557,90,41.63,48.68,56.6,2.64
252,dudinka,75,RU,1569459558,100,69.41,86.18,33.8,11.18
253,punta de bombon,20,PH,1569459558,70,14.18,121.12,88.0,2.24
254,fort nelson,100,IN,1569459559,96,17.96,79.61,74.04,6.85
255,bolobo,98,CD,1569459560,96,-2.17,16.23,69.99,2.39
256,ihiala,100,NG,1569459560,98,5.86,6.86,74.34,2.75
257,tanout,31,NE,1569459561,13,14.97,8.88,91.23,7.83
258,sunnyside,100,CA,1569459561,1,47.86,-53.92,52.0,7.85
259,bhag,0,PK,1569459561,43,29.04,67.82,87.12,2.28
260,katsuura,20,JP,1569459562,73,33.93,134.5,79.0,3.36
261,sinnamary,2,GF,1569459562,75,5.38,-52.96,82.3,14.76
262,virginia beach,1,US,1569459393,68,39.95,-90.21,73.99,3.36
263,lagoa,0,PT,1569459491,64,37.14,-8.45,68.0,4.7
264,pacific grove,40,US,1569459508,49,47.26,-122.25,68.0,1.25
265,las vegas,78,PL,1569459564,93,49.74,19.43,55.99,4.7
266,kaeo,53,NZ,1569459558,89,-35.1,173.78,59.0,16.73
267,bologoye,97,RU,1569459565,93,57.88,34.11,36.96,6.64
268,coueron,90,FR,1569459565,93,47.22,-1.72,63.0,12.75
269,terrak,0,NO,1569459566,93,65.09,12.37,42.8,2.24
270,aksarka,100,RU,1569459566,92,66.56,67.8,31.65,9.91
271,labuan,75,BN,1569459567,66,5.28,115.24,86.0,4.7
272,lovozero,100,RU,1569459567,97,68.01,35.02,38.56,5.53
273,srivardhan,100,IN,1569459567,90,18.03,73.02,77.68,9.42
274,lulea,79,SE,1569459568,87,65.58,22.15,42.8,4.7
275,ust-ishim,8,RU,1569459570,94,57.69,71.17,30.59,9.44
276,tabuk,70,PH,1569459570,84,17.41,121.44,68.69,4.25
277,north platte,100,NG,1569459571,94,4.97,7.66,74.85,2.84
278,imeni poliny osipenko,100,NG,1569459572,98,7.32,5.96,71.77,3.53
279,ilheus,40,BR,1569459571,100,-14.79,-39.05,71.6,6.93
280,lookan,32,PH,1569459572,69,5.04,120.1,82.79,6.02
281,coihaique,0,CL,1569459487,70,-45.58,-72.07,48.2,3.36
282,dingle,52,PH,1569459573,81,11.0,122.67,80.46,6.29
283,cap malheureux,90,FR,1569459574,93,49.27,-1.21,63.0,16.11
284,barkly west,13,AU,1569459574,75,-36.94,143.2,55.95,6.62
285,ust-koksa,79,RU,1569459575,60,50.27,85.62,35.9,8.93
286,kahului,90,US,1569459575,100,20.89,-156.47,89.6,6.93
287,lorengau,31,PG,1569459575,69,-2.02,147.27,85.04,8.32
288,ilulissat,4,GL,1569459576,92,69.22,-51.1,28.4,2.24
289,port lincoln,85,CD,1569459576,55,-7.04,29.76,67.49,3.29
290,skelleftea,67,SE,1569459576,93,64.75,20.95,37.4,5.82
291,suntar,88,RU,1569459577,88,62.16,117.65,44.74,5.08
292,kansanshi,20,ZM,1569459577,50,-12.1,26.43,62.82,9.93
293,omsukchan,97,RU,1569459578,76,62.53,155.8,29.94,10.63
294,brigantine,1,US,1569459507,49,39.41,-74.36,71.6,6.93
295,khatanga,71,RU,1569459579,95,71.98,102.47,30.6,8.14
296,port hardy,85,CD,1569459576,55,-7.04,29.76,67.49,3.29
297,lewisville,20,US,1569459395,38,33.05,-96.99,93.2,13.87
298,tiruchchendur,75,IN,1569459580,94,8.48,78.12,78.8,15.64
299,marsh harbour,89,GB,1569459580,93,53.65,-1.81,59.0,4.7
300,ispas,40,UA,1569459581,100,48.29,25.26,57.2,2.24
301,vila franca do campo,0,IT,1569459581,100,45.18,8.4,64.99,4.7
302,mezen,100,RU,1569459582,87,65.85,44.24,36.99,9.44
303,pyaozerskiy,100,RU,1569459582,88,65.83,31.17,41.87,10.13
304,perry hall,1,US,1569459583,94,30.12,-83.58,84.2,3.36
305,grand forks,90,FR,1569459583,93,48.39,5.49,59.0,9.17
306,monte patria,0,FR,1569459584,46,42.47,9.39,75.2,8.05
307,kiama,75,AU,1569459584,55,-34.67,150.86,66.2,8.05
308,krasnoufimsk,75,RU,1569459585,95,56.6,57.77,31.4,11.52
309,lopatino,33,RU,1569459585,84,53.85,39.47,32.0,4.47
310,winona,90,CA,1569459586,64,43.21,-79.65,75.2,16.11
311,carutapera,35,BR,1569459586,79,-1.2,-46.02,79.49,6.91
312,sydney,16,AU,1569459535,60,-33.85,151.22,70.0,5.82
313,san jose,8,ML,1569459510,53,13.3,-4.9,82.34,8.88
314,rocha,33,UY,1569459566,85,-34.48,-54.34,55.86,3.83
315,paita,0,PE,1569459587,93,-5.09,-81.11,62.45,11.34
316,sabla,44,NG,1569459587,56,12.75,4.71,84.16,9.8
317,puerto escondido,0,AR,1569459588,48,-51.62,-69.23,44.6,20.8
318,hami,0,CN,1569459291,24,42.84,93.51,67.63,5.53
319,progreso,0,UY,1569459589,59,-34.68,-56.22,62.6,4.7
320,manta,100,RO,1569459589,87,45.1,24.1,56.7,3.76
321,namatanai,39,PG,1569459470,74,-3.66,152.44,82.23,8.99
322,cherskiy,0,RU,1569459591,54,68.75,161.3,34.35,4.61
323,camopi,80,GF,1569459591,97,3.17,-52.33,72.78,4.92
324,lokosovo,100,RU,1569459592,90,61.13,74.84,33.68,15.86
325,sisimiut,0,GL,1569459592,71,66.94,-53.67,41.19,6.44
326,vogan,20,TG,1569459592,88,6.33,1.53,78.8,10.29
327,bethel,90,US,1569459593,61,60.79,-161.76,46.4,12.75
328,point pedro,83,DE,1569459594,87,47.72,11.94,55.99,9.17
329,nouadhibou,0,MR,1569459594,83,20.93,-17.03,69.8,17.22
330,polkowice,95,PL,1569459595,94,51.5,16.07,59.0,8.03
331,port augusta,85,CD,1569459576,55,-7.04,29.76,67.49,3.29
332,klichka,0,RU,1569459596,60,50.44,118.0,57.05,2.64
333,ivybridge,75,GB,1569459596,93,50.39,-3.92,63.0,10.29
334,mehran,0,IR,1569459596,28,33.12,46.17,68.0,6.93
335,coquimbo,40,CL,1569459597,87,-29.95,-71.34,57.0,5.82
336,hamilton,90,CA,1569459400,64,43.26,-79.87,75.2,16.11
337,shakawe,28,BW,1569459597,53,-18.36,21.84,66.95,13.89
338,wilmington,1,US,1569459495,56,39.75,-75.55,71.01,3.36
339,mafeteng,0,LS,1569459598,54,-29.82,27.24,32.49,2.77
340,luau,92,CD,1569459599,38,-10.7,22.23,73.41,1.97
341,hobyo,72,SO,1569459599,84,5.35,48.53,77.73,22.48
342,trinidad,78,BO,1569459600,40,-14.83,-64.9,86.6,4.76
343,porto santo,20,PT,1569459303,100,41.15,-8.61,60.01,3.62
344,dunedin,96,NZ,1569459601,70,-45.87,170.5,45.0,34.0
345,wewak,2,PG,1569459602,68,-3.55,143.63,83.13,8.14
346,at-bashi,84,KG,1569459602,44,41.17,75.81,48.37,1.12
347,saint-donat-de-montcalm,96,CA,1569459603,9,46.32,-74.22,53.01,8.5
348,uige,89,AO,1569459604,90,-7.61,15.06,68.48,2.19
349,arkhipo-osipovka,100,RU,1569459604,95,44.37,38.53,52.83,5.5
350,magaria,59,NE,1569459610,28,13.0,8.91,87.7,8.39
351,luganville,90,VU,1569459612,78,-15.51,167.18,80.6,17.22
352,chiplun,100,IN,1569459612,95,17.53,73.52,74.4,2.04
353,necocli,75,CO,1569459613,94,8.42,-76.79,75.2,11.41
354,seymchan,100,RU,1569459616,66,62.93,152.39,28.97,12.17
355,cockburn town,34,AU,1569459617,27,-32.08,141.0,69.8,10.29
356,beaufort,75,MY,1569459619,66,5.36,115.76,87.01,4.7
357,qaqortoq,0,GL,1569459620,51,60.72,-46.03,42.8,3.36
358,laurel,1,US,1569459475,77,39.1,-76.85,75.2,3.09
359,aklavik,75,CA,1569459506,70,68.22,-135.01,44.6,4.7
360,sibi,0,PK,1569459622,48,29.55,67.88,82.34,2.13
361,kansas city,20,US,1569459622,62,33.9,-87.55,84.2,2.77
362,richard toll,1,CA,1569459623,76,52.7,-107.7,51.8,13.87
363,keflavik,75,IS,1569459623,87,64.0,-22.56,55.4,11.41
364,antigonish,90,CA,1569459624,100,45.62,-61.99,59.0,12.75
365,novoagansk,97,RU,1569459624,84,61.94,76.66,31.81,12.82
366,sakaiminato,20,JP,1569459625,64,35.55,133.23,69.8,3.36
367,flinders,75,AU,1569459548,55,-34.58,150.85,68.0,8.05
368,varhaug,0,NO,1569459625,62,58.61,5.65,55.99,6.93
369,mount gambier,89,GB,1569459626,93,53.66,-1.85,59.0,4.7
370,akdepe,0,TM,1569459626,54,42.05,59.39,55.4,4.7
371,hambantota,75,LK,1569459627,100,6.12,81.12,73.4,2.24
372,gizo,0,IL,1569459627,73,31.8,34.94,71.6,3.36
373,roma,0,IT,1569459597,78,41.89,12.48,73.4,10.29
374,jerecuaro,90,MX,1569459628,82,20.15,-100.52,64.4,5.82
375,yar-sale,100,RU,1569459629,85,66.83,70.83,35.3,11.27
376,lufilufi,75,WS,1569459629,83,-13.87,-171.6,82.4,9.17
377,slonim,100,BY,1569459630,85,53.09,25.32,47.36,7.54
378,tura,78,RU,1569459630,87,64.27,100.22,31.31,7.4
379,chicama,90,PE,1569459631,87,-7.84,-79.15,60.8,6.93
380,pangoa,50,PE,1569459631,68,-12.12,-73.0,75.64,1.77
381,payakumbuh,80,ID,1569459632,92,-0.23,100.63,68.08,0.94
382,basco,40,US,1569459633,52,40.33,-91.2,73.0,6.93
383,esmeraldas,75,BR,1569459436,87,-19.76,-44.31,60.8,6.93
384,yevlax,27,AZ,1569459634,87,40.61,47.15,63.2,6.91
385,omboue,100,GA,1569459634,85,-1.57,9.26,77.46,11.21
386,sola,100,TZ,1569459635,57,-3.17,33.8,70.98,5.66
387,port hedland,85,CD,1569459636,55,-7.04,29.76,67.49,3.29
388,charleston,20,US,1569459605,83,32.79,-79.94,81.0,6.93
389,khani,100,GE,1569459637,93,41.96,42.96,64.4,8.05
390,eyl,44,SO,1569459637,77,7.98,49.82,74.58,23.62
391,horadiz,0,AZ,1569459637,93,39.45,47.33,62.6,4.7
392,ipoh,75,MY,1569459638,94,4.59,101.08,77.0,3.6
393,puerto madero,0,AR,1569459588,48,-51.62,-69.23,44.6,20.8
394,karratha,59,AU,1569459639,19,-20.74,116.85,78.2,7.76
395,minab,0,IR,1569459640,83,27.15,57.07,84.2,6.93
396,roald,0,NO,1569459640,87,62.58,6.12,48.2,6.93
397,una,0,IN,1569459641,80,31.47,76.27,74.83,5.19
398,miraflores,0,PE,1569459642,25,-16.39,-71.52,60.8,2.24
399,havoysund,75,NO,1569459642,93,71.0,24.66,44.6,23.04
400,benguela,63,AO,1569459642,86,-12.58,13.4,72.71,11.41
401,mount isa,89,GB,1569459626,93,53.66,-1.85,59.0,4.7
402,fairbanks,75,US,1569459643,70,64.84,-147.72,45.0,11.41
403,mitu,0,IR,1569459643,46,36.2,46.09,52.98,3.65
404,khorramshahr,0,IR,1569459644,42,30.43,48.18,82.4,4.7
405,sayyan,12,YE,1569459645,56,15.17,44.32,70.37,0.83
406,harnosand,90,SE,1569459645,100,62.63,17.94,43.0,5.82
407,port hawkesbury,85,CD,1569459450,55,-7.04,29.76,67.49,3.29
408,starosubkhangulovo,2,RU,1569459646,97,53.1,57.43,27.81,3.74
409,tungao,10,PH,1569459646,74,8.78,125.57,82.37,4.38
410,tsabong,0,BW,1569459647,33,-26.02,22.4,61.87,21.83
411,itupiranga,20,BR,1569459647,65,-5.13,-49.33,82.4,5.82
412,san jose iturbide,8,ML,1569459559,53,13.3,-4.9,82.34,8.88
413,iralaya,75,HN,1569459648,83,15.0,-83.23,82.4,2.24
414,lukulu,42,ZM,1569459648,44,-14.38,23.24,73.01,14.67
415,hasaki,75,JP,1569459649,69,35.73,140.83,77.0,9.17
416,rodrigues alves,100,BR,1569459649,88,-24.07,-48.35,59.19,9.33
417,panguna,21,PG,1569459650,76,-6.32,155.48,81.51,2.77
418,baturaja,88,ID,1569459650,86,-4.12,104.17,74.02,1.32
419,port shepstone,85,CD,1569459636,55,-7.04,29.76,67.49,3.29
420,guisa,40,CU,1569459651,88,20.25,-76.54,80.6,5.82
421,kentau,0,KZ,1569459652,26,43.52,68.5,60.39,6.76
422,port keats,85,CD,1569459636,55,-7.04,29.76,67.49,3.29
423,narsaq,0,GL,1569459489,51,60.91,-46.05,42.8,3.36
424,bani,34,YE,1569459653,76,16.02,42.93,87.07,7.96
425,banjarmasin,8,ID,1569459546,78,-3.32,114.59,80.6,5.82
426,zavitinsk,0,RU,1569459654,58,50.11,129.44,49.06,3.22
427,caravelas,30,BR,1569459654,83,-17.73,-39.27,72.81,12.66
428,abilene,1,US,1569459357,51,32.45,-99.73,93.2,9.89
429,lodja,100,CD,1569459655,97,-3.52,23.6,65.81,3.78
430,piacabucu,44,BR,1569459656,80,-10.41,-36.43,74.78,8.43
431,conakry,76,GN,1569459656,82,9.52,-13.7,81.47,5.53
432,sabha,0,LY,1569459657,22,27.03,14.43,80.05,3.85
433,xuchang,0,CN,1569459657,60,34.03,113.82,69.8,4.47
434,praia,75,BR,1569459659,82,-20.25,-43.81,60.8,12.75
435,balayong,65,PH,1569459659,79,15.95,120.35,79.87,3.02
436,ishigaki,75,JP,1569459659,83,24.34,124.16,80.6,16.11
437,ulaangom,74,MN,1569459660,81,49.98,92.07,48.55,4.29
438,beira,40,ES,1569459532,87,43.2,-8.36,64.99,6.93
439,santa rosalia,51,PH,1569459661,72,17.49,120.43,81.47,5.97
440,phanom thuan,40,LA,1569459662,94,19.88,102.16,69.8,2.35
441,bom jesus,56,ML,1569459662,29,14.95,-2.93,89.48,6.26
442,gimli,91,CA,1569459663,66,50.63,-96.99,50.0,11.14
443,margate,20,AU,1569459664,47,-43.03,147.26,59.0,16.11
444,troyes,90,FR,1569459664,93,48.3,4.07,60.8,6.93
445,sechura,44,PE,1569459665,93,-5.56,-80.82,62.23,12.71
446,deming,1,US,1569459666,56,32.27,-107.76,78.8,11.41
447,balkhash,99,KZ,1569459666,38,46.84,74.98,59.53,9.44
448,hemsedal,76,NO,1569459667,85,60.86,8.55,41.0,3.76
449,kandrian,85,PG,1569459667,73,-6.21,149.55,82.61,7.2
450,abaetetuba,75,BR,1569459443,83,-1.72,-48.88,78.8,8.05
451,oranjestad,20,AW,1569459623,79,12.52,-70.03,84.2,4.7
452,caconda,25,AO,1569459668,84,-13.73,15.06,56.02,2.82
453,mpanda,96,BI,1569459669,56,-3.17,29.4,67.54,2.24
454,madras,1,US,1569459670,28,44.63,-121.13,73.99,3.36
455,zhigansk,100,RU,1569459671,87,66.77,123.37,40.06,8.41
456,svetlaya,20,RU,1569459671,39,46.54,138.33,55.77,1.99
457,sabang,36,PH,1569459672,79,13.8,121.11,82.99,1.99
458,maragogi,27,BR,1569459629,92,-9.01,-35.22,68.21,1.92
459,golub-dobrzyn,100,PL,1569459593,97,53.11,19.05,60.01,1.99
460,taoudenni,18,ML,1569459496,10,22.68,-3.98,94.88,6.51
461,zeya,0,RU,1569459673,65,53.74,127.27,48.42,0.47
462,tessalit,0,ML,1569459674,13,20.2,1.01,90.24,9.15
463,georgiyevka,23,RU,1569459675,63,52.25,40.45,38.88,3.2
464,grand river south east,90,FR,1569459675,93,48.39,5.49,59.0,9.17
465,kurilsk,2,RU,1569459675,58,45.23,147.88,56.0,22.75
466,santa fe,51,PH,1569459676,72,17.49,120.43,81.47,5.97
467,rabaul,35,PG,1569459677,74,-4.2,152.17,82.61,8.43
468,haimen,100,CN,1569459677,64,31.87,121.18,77.0,5.12
469,porto novo,20,PT,1569459446,100,41.15,-8.61,60.01,3.62
470,viloco,44,BO,1569459678,80,-16.87,-67.5,46.46,11.68
471,sawtell,90,AU,1569459590,88,-30.38,153.1,71.01,5.82
472,ajaccio,40,FR,1569459679,82,41.93,8.74,75.2,6.93
473,zlobin,75,HR,1569459679,100,45.29,14.65,66.0,6.93
474,pundaguitan,27,PH,1569459680,69,6.37,126.17,82.3,1.16
475,teguise,75,ES,1569459386,78,29.06,-13.56,73.4,14.99
476,santiago del estero,85,PH,1569459680,94,16.69,121.54,73.98,1.7
477,mogadishu,15,SO,1569459537,85,2.04,45.34,76.65,16.6
478,faya,0,SA,1569459682,37,18.39,42.45,71.6,5.82
479,port hueneme,85,CD,1569459513,55,-7.04,29.76,67.49,3.29
480,gap,69,FR,1569459683,79,44.56,6.08,39.0,3.49
481,avera,1,US,1569459684,57,33.19,-82.53,80.6,4.7
482,liwale,98,TZ,1569459684,83,-9.8,37.92,66.53,6.78
483,mazyr,100,BY,1569459685,88,52.05,29.27,48.48,5.79
484,kishi,80,NG,1569459685,95,9.08,3.85,73.77,4.18
485,khuzhir,100,RU,1569459685,94,53.19,107.35,47.88,4.05
486,bealanana,28,MG,1569459686,90,-14.54,48.75,58.95,2.86
487,filingue,0,NE,1569459687,34,14.35,3.32,90.67,13.67
488,coshocton,1,US,1569459687,43,40.27,-81.86,73.4,4.7
489,pozo colorado,75,CU,1569459687,78,22.45,-80.18,80.6,6.93
490,kavaratti,100,IN,1569459495,73,10.57,72.64,81.71,5.28
491,goure,69,NE,1569459599,31,13.98,10.27,84.99,1.99
492,novonikolayevskiy,44,RU,1569459689,84,50.97,42.37,33.01,4.41
493,bac lieu,40,RS,1569459689,93,45.39,19.24,61.0,3.36
494,ayagoz,100,KZ,1569459690,74,47.96,80.43,46.52,10.63
495,salme,75,NP,1569459692,100,28.04,85.09,66.2,2.24
496,bhinga,77,IN,1569459692,73,27.7,81.93,79.0,7.38
497,khandyga,41,RU,1569459578,78,62.65,135.58,35.86,3.94
498,tecoanapa,75,MX,1569459520,78,16.99,-99.26,82.4,8.05
499,sistranda,0,NO,1569459693,71,63.73,8.83,54.0,17.22
500,vila velha,0,IT,1569459527,100,45.18,8.4,64.99,4.7
501,noumea,0,NC,1569459694,47,-22.28,166.46,78.8,17.22
502,rawson,0,AR,1569459695,36,-43.3,-65.11,65.51,13.67
503,beruwala,100,LK,1569459695,77,6.48,79.98,80.54,10.42
504,mandera,2,ET,1569459696,68,3.94,41.86,78.57,19.73
505,onega,100,RU,1569459696,92,63.91,38.09,43.44,22.12
506,carbonia,20,IT,1569459697,88,39.17,8.53,73.4,6.93
507,lafia,67,NG,1569459697,95,8.5,8.51,74.92,3.6
508,antalaha,38,MG,1569459698,97,-14.9,50.28,60.68,2.35
509,humaita,0,AR,1569459490,35,-24.93,-65.37,69.8,5.82
510,sorland,23,NO,1569459699,88,67.67,12.69,51.68,14.76
511,arroyo,68,BO,1569459700,80,-11.08,-66.08,77.12,2.17
512,conde,17,BR,1569459670,97,-11.81,-37.61,68.87,3.0
513,neiafu,75,TO,1569459701,65,-18.65,-173.98,78.8,4.7
514,yokadouma,83,CM,1569459702,98,3.52,15.05,68.04,2.48
515,rehnan,0,IR,1569459702,11,32.68,51.6,60.8,11.41
516,nueva guinea,20,EC,1569459703,69,-1.72,-79.83,78.8,13.87
517,cachoeira,3,BR,1569459704,97,-12.6,-38.97,68.03,3.65
518,kovdor,100,RU,1569459704,98,67.56,30.47,39.28,2.35
519,zima,93,RU,1569459705,96,53.93,102.05,46.93,3.47
520,pangani,75,KE,1569459705,94,-2.37,40.57,77.0,15.23
521,karaton,20,ID,1569459706,74,-6.34,106.1,82.99,3.36
522,tsalenjikha,100,GE,1569459706,93,42.6,42.07,64.4,8.05
523,gorontalo,17,ID,1569459707,48,0.54,123.06,82.86,0.45
524,bethanien,0,NA,1569459707,36,-26.5,17.16,57.89,6.89
525,tibati,100,CM,1569459708,95,6.47,12.63,66.73,2.06
526,pechenga,62,RU,1569459708,93,58.89,41.46,29.38,5.06
527,martapura,8,ID,1569459709,78,-3.41,114.85,80.6,5.82
528,san carlos de bariloche,8,ML,1569459559,53,13.3,-4.9,82.34,8.88
529,marawi,3,PH,1569459709,72,8.0,124.29,84.0,5.01
530,kapuvar,0,HU,1569459710,72,47.59,17.03,59.0,6.93
